
INSERT INTO region (id_region, nom_region) VALUES
  ('r1', 'Auvergne-Rhône-Alpes'),
  ('r2', 'Bourgogne-Franche-Comté'),
  ('r3', 'Bretagne'),
  ('r4', 'Centre-Val de Loire'),
  ('r5', 'Corse'),
  ('r6', 'Grand Est'),
  ('r7', 'Hauts-de-France'),
  ('r8', 'Île-de-France'),
  ('r9', 'Normandie'),
  ('r10', 'Nouvelle-Aquitaine'),
  ('r11', 'Occitanie'),
  ('r12', 'Provence-Alpes-Côte d\'Azur'),
  ('r13', 'Pays de la Loire');

INSERT INTO sexe (id_sexe, libelle_sexe) VALUES
  (1, 'homme'),
  (2, 'femme'),
  (3, 'total(h&f)');


INSERT INTO apl (id_region, apl_generale, apl_ehpad, apl_ra, apl_sapa) VALUES
('r1', 2.7, 78366.16, 366.23, 807.06),
('r2', 2.8, 81375.14, 369.46, 783.15),
('r3', 3.2, 108846.45, 382.05, 956.68),
('r4', 2.2, 83458.79, 362.6, 707.375),
('r5', 1.4, 20207.665, 0.0, 0.0),
('r6', 3.0, 82618.97, 517.14, 723.72),
('r7', 3.2, 84058.75, 598.29, 1286.61),
('r8', 2.3, 86256.505, 1044.36, 1174.05),
('r9', 2.9, 84153.95, 426.98, 1115.48),
('r10', 3.0, 76014.45, 122.11, 892.73),
('r11', 3.0, 110014.51, 711.06, 899.0),
('r12', 3.2, 73789.98, 406.71, 874.37),
('r13', 2.6, 64216.13, 658.07, 579.03);


INSERT INTO densite_medecin (id_region, densite) VALUES
('r1', 345.398658536585),
('r2', 285.904324324324),
('r3', 340.535806451613),
('r4', 252.666666666667),
('r5', 324.47),
('r6', 317.376315789474),
('r7', 291.15515625),
('r8', 349.721709401709),
('r9', 287.373),
('r10', 346.819285714286),
('r11', 339.09),
('r12', 403.199818181818),
('r13', 269.989375);


INSERT INTO enquete_urgence (id_region, nb_medecins_permanents, nb_total_passages, tension) VALUES
('r1', 3.39024390243902, 85.0609756097561, TRUE),
('r2', 3.64864864864865, 65.5945945945946, TRUE),
('r3', 4.05, 84.2903225806452, TRUE),
('r4', 3.2, 76.8333333333333, TRUE),
('r5', 2.3125, 76.5, FALSE),
('r6', 3.41228070175439, 74.719298245614, TRUE),
('r7', 3.77777777777778, 91.21875, TRUE),
('r8', 3.96336206896552, 101.982905982906, TRUE),
('r9', 3.09, 70.28, TRUE),
('r10', 3.14285714285714, 65.1857142857143, TRUE),
('r11', 3.04924242424242, 74.8939393939394, TRUE),
('r12', 3.75, 86.3272727272727, TRUE),
('r13', 3.79838709677419, 78.9375, TRUE);

INSERT INTO population (id_region, id_sexe, effectif) VALUES
('r1', 1, 4032910),
('r2', 1, 1365936),
('r3', 1, 1694287),
('r4', 1, 1254728),
('r5', 1, 174337),
('r6', 1, 2709169),
('r7', 1, 2899952),
('r8', 1, 6035126),
('r9', 1, 1620129),
('r10', 1, 2990727),
('r11', 1, 3003755),
('r12', 1, 1926671),
('r13', 1, 2511416),
('r1', 2, 4227186),
('r2', 2, 1427144),
('r3', 2, 1781608),
('r4', 2, 1326751),
('r5', 2, 185825),
('r6', 2, 2834882),
('r7', 2, 3073981),
('r8', 2, 6415723),
('r9', 2, 1721183),
('r10', 2, 3200482),
('r11', 2, 3197832),
('r12', 2, 2010048),
('r13', 2, 2730171),
('r1', 3, 8260096),
('r2', 3, 2793080),
('r3', 3, 3475895),
('r4', 3, 2581479),
('r5', 3, 360162),
('r6', 3, 5544051),
('r7', 3, 5973933),
('r8', 3, 12450849),
('r9', 3, 3341312),
('r10', 3, 6191209),
('r11', 3, 6201587),
('r12', 3, 3936719),
('r13', 3, 5241587);



